<?xml version="1.0"?>
<!DOCTYPE liferay-portlet-app PUBLIC "-//Liferay//DTD Portlet Application 6.0.0//EN" "http://www.liferay.com/dtd/liferay-portlet-app_6_0_0.dtd">

<liferay-portlet-app>

	<portlet>
		<portlet-name>NewsDetail</portlet-name>
		<icon>/icon.png</icon>
		<action-url-redirect>true</action-url-redirect>
		<instanceable>true</instanceable>	
	</portlet>
	
	<portlet>
		<portlet-name>Webcontent</portlet-name>
		<icon>/icon.png</icon>
		<action-url-redirect>true</action-url-redirect>
		<instanceable>false</instanceable>		
	</portlet>
	
	<portlet>
		<portlet-name>News</portlet-name>
		<icon>/icon.png</icon>
		<instanceable>true</instanceable>		
	</portlet>
	
	<portlet>
		<portlet-name>Regions</portlet-name>
		<icon>/icon.png</icon>
		<use-default-template>true</use-default-template>
		<instanceable>true</instanceable>		
	</portlet>
	
	<portlet>
		<portlet-name>StoreOffices</portlet-name>
		<icon>/icon.png</icon>
		<use-default-template>true</use-default-template>
		<instanceable>false</instanceable>		
	</portlet>

	<portlet>
		<portlet-name>StoreAddress</portlet-name>
		<icon>/icon.png</icon>
		<use-default-template>true</use-default-template>
		<instanceable>false</instanceable>		
	</portlet>
	
	<portlet>
 		<portlet-name>quicklinks</portlet-name>
 		<icon>/icon.png</icon>
 		<use-default-template>false</use-default-template>
 		<instanceable>false</instanceable> 		
 	</portlet>
 	
 	<portlet>
 		<portlet-name>ca-quicklinks</portlet-name>
 		<icon>/icon.png</icon>
 		<use-default-template>false</use-default-template>
 		<instanceable>false</instanceable> 		
 	</portlet>
 	
 	<portlet>
 		<portlet-name>personalMessageAdmin</portlet-name>
 		<icon>/icon.png</icon>
 		<action-url-redirect>true</action-url-redirect>
 		<instanceable>true</instanceable> 		
 	</portlet>
 	
 	<portlet>
 		<portlet-name>personalMessage</portlet-name>
 		<icon>/icon.png</icon>
 		<instanceable>false</instanceable>		
 	</portlet>
 	
 	<portlet>
		<portlet-name>feedback</portlet-name>
		<action-url-redirect>true</action-url-redirect>
		<instanceable>true</instanceable>		
	</portlet>
	
	<portlet>
 		<portlet-name>employeeSearch</portlet-name>
 		<icon>/icon.png</icon>
 		<use-default-template>false</use-default-template> 		 		
 		<instanceable>false</instanceable> 	 		
 	</portlet>
	
	<portlet>
 		<portlet-name>employeedirectorysearch</portlet-name>
 		<icon>/icon.png</icon>
 		<action-url-redirect>true</action-url-redirect> 		
 		<instanceable>false</instanceable> 	 		
 	</portlet>
 	
 	<portlet>
 		<portlet-name>PDFPortlet</portlet-name>
 		<icon>/icon.png</icon>
 		<instanceable>true</instanceable> 		
 	</portlet>
 	
 	<portlet>
 		<portlet-name>SideNavigation</portlet-name>
 		<icon>/icon.png</icon>
 		<instanceable>true</instanceable> 		
 	</portlet>
 	
 	<portlet>
		<portlet-name>NotificationsPortlet</portlet-name>
		<icon>/icon.png</icon>
		<use-default-template>false</use-default-template>
		<instanceable>false</instanceable>		
	</portlet>
 	
 	<portlet>
		<portlet-name>executiveCorner</portlet-name>
		<instanceable>true</instanceable>		
	</portlet>
	
	<portlet>
		<portlet-name>visionAndValues</portlet-name>
		<instanceable>true</instanceable>		
	</portlet>
	
	<portlet>
 		<portlet-name>newHires</portlet-name>
 		<icon>/icon.png</icon> 		
 		<instanceable>true</instanceable> 		
 	</portlet>
 	
 	<portlet>
 		<portlet-name>promotions</portlet-name>
 		<icon>/icon.png</icon> 		
 		<instanceable>true</instanceable> 		
 	</portlet>
 	
 	<portlet>
		<portlet-name>localNews</portlet-name>
		<instanceable>true</instanceable>		
	</portlet>
	
	<portlet>
		<portlet-name>SideRelatedLinks</portlet-name>
		<instanceable>true</instanceable>		
	</portlet>
	
	<portlet>
 		<portlet-name>CalendarNavigation</portlet-name>
 		<icon>/icon.png</icon>
 		<instanceable>true</instanceable> 		
 	</portlet>
 	
 	<portlet>
 		<portlet-name>LinksPortlet</portlet-name>
 		<icon>/icon.png</icon>
 		<configuration-action-class>com.coach.cip.portlets.controller.LinksPortletConfigurationAction</configuration-action-class>
		<preferences-unique-per-layout>true</preferences-unique-per-layout>
 		<instanceable>true</instanceable>
 	</portlet>
 	
 	<portlet>
 		<portlet-name>OrgSwitchPortlet</portlet-name>
 		<icon>/icon.png</icon>
		<use-default-template>false</use-default-template>
 		<instanceable>false</instanceable>
 	</portlet>
 	
 	<portlet>
		<portlet-name>StaticVideoPortlet</portlet-name>
		<icon>/icon.png</icon>
		<instanceable>false</instanceable>	
	</portlet>
	
	<portlet>
		<portlet-name>DocumentContent</portlet-name>
		<icon>/icon.png</icon>
		<action-url-redirect>true</action-url-redirect>
		<instanceable>false</instanceable>		
	</portlet>
	
	<portlet>
		<portlet-name>DocumentContentNavigation</portlet-name>
		<icon>/icon.png</icon>
		<action-url-redirect>true</action-url-redirect>
		<instanceable>false</instanceable>		
	</portlet>
	
	<portlet>
		<portlet-name>AllDocumentContent</portlet-name>
		<icon>/icon.png</icon>
		<action-url-redirect>true</action-url-redirect>
		<instanceable>false</instanceable>		
	</portlet>
	
	<portlet>
 		<portlet-name>managingNotification</portlet-name>
 		<icon>/icon.png</icon>
 		<action-url-redirect>true</action-url-redirect>
 		<instanceable>true</instanceable> 		
 	</portlet>
 	
 	<portlet>
 		<portlet-name>QuestionsAndAnswers</portlet-name>
 		<icon>/icon.png</icon>
 		<instanceable>true</instanceable> 		
 	</portlet>
 	
 	<portlet>
 		<portlet-name>Instructions</portlet-name>
 		<icon>/icon.png</icon>
 		<instanceable>true</instanceable> 		
 	</portlet>
 	<portlet>
 		<portlet-name>Tasks</portlet-name>
 		<icon>/icon.png</icon>
 		<use-default-template>true</use-default-template>
		<instanceable>false</instanceable>			
 	</portlet>
 	<portlet>
 		<portlet-name>TaskInstructions</portlet-name>
 		<icon>/icon.png</icon>
 		<use-default-template>true</use-default-template>
		<instanceable>false</instanceable>			
 	</portlet>
 	<portlet>
 		<portlet-name>NotificationDetail</portlet-name>
 		<icon>/icon.png</icon>
 		<use-default-template>true</use-default-template>
		<instanceable>false</instanceable>			
 	</portlet>
</liferay-portlet-app>