<?xml version="1.0"?>
<!DOCTYPE display PUBLIC "-//Liferay//DTD Display 6.0.0//EN" "http://www.liferay.com/dtd/liferay-display_6_0_0.dtd">

<display>
	<category name="Coach CIP Portlets">
		<portlet id="NotificationsPortlet"/>
		<portlet id="SideRelatedLinks"/>
		<portlet id="Regions" />
		<portlet id="quicklinks"/>
		<portlet id="personalMessageAdmin"/>
		<portlet id="personalMessage"/>
		<portlet id="feedback"/>
		<portlet id="StoreAddress"/>
		<portlet id="employeeSearch"/>
		<portlet id="employeedirectorysearch"/>
		<portlet id="News"/>
		<portlet id="NewsDetail"/>
		<portlet id="SideNavigation"/>
		<portlet id="PDFPortlet"/>
		<portlet id="executiveCorner"/>
		<portlet id="visionAndValues"/>
		<portlet id="Webcontent"/>
		<portlet id="newHires"/>
		<portlet id="promotions"/>
        <portlet id="localNews"/>
        <portlet id="CalendarNavigation"/>
        <portlet id="LinksPortlet"/>
        <portlet id="StaticVideoPortlet"/>
        <portlet id="StoreOffices"/>
        <portlet id="DocumentContent"/>
        <portlet id="AllDocumentContent"/>
        <portlet id="DocumentContentNavigation"/>
        <portlet id="managingNotification"/>
        <portlet id="QuestionsAndAnswers"/>
        <portlet id="Instructions"/>
        <portlet id="Tasks"/>
        <portlet id="TaskInstructions"/>
        <portlet id="NotificationDetail"/>
	</category>
</display>