<?xml version="1.0" encoding="UTF-8"?>

<portlet-app version="2.0"
	xmlns="http://java.sun.com/xml/ns/portlet/portlet-app_2_0.xsd"
	xmlns:xsi="http://www.w3.org/2001/XMLSchema-instance"
	xsi:schemaLocation="http://java.sun.com/xml/ns/portlet/portlet-app_2_0.xsd http://java.sun.com/xml/ns/portlet/portlet-app_2_0.xsd">

	<portlet>
		<portlet-name>NewsDetail</portlet-name>
		<portlet-class>org.springframework.web.portlet.DispatcherPortlet</portlet-class>
		<init-param>
			<name>contextConfigLocation</name>
			<value>/WEB-INF/context/newsDetail.xml</value>
		</init-param>
		<supports>
			<mime-type>text/html</mime-type>
			<portlet-mode>view</portlet-mode>
		</supports>
		<portlet-info>
			<title>NewsDetail</title>
		</portlet-info>

		<supported-processing-event>
			<qname xmlns:x="http://coach.com/events">x:ipc.newsParamMap</qname>
		</supported-processing-event>
		<supported-processing-event>
			<qname xmlns:x="http://coach.com/events">x:ipc.articleMap</qname>
		</supported-processing-event>
		<supported-processing-event>
			<qname xmlns:x="http://coach.com/events">x:ipc.docMap</qname>
		</supported-processing-event>
		
		<supported-publishing-event>
			<qname xmlns:x="http://coach.com/events">x:ipc.highlighterMap</qname>
		</supported-publishing-event>
		
	</portlet>

	<portlet>
		<portlet-name>SideNavigation</portlet-name>
		<portlet-class>org.springframework.web.portlet.DispatcherPortlet</portlet-class>
		<init-param>
			<name>contextConfigLocation</name>
			<value>/WEB-INF/context/sideNavigation.xml</value>
		</init-param>
		<supports>
			<mime-type>text/html</mime-type>
			<portlet-mode>view</portlet-mode>
		</supports>
		<portlet-info>
			<title>SideNavigation</title>
		</portlet-info>
		<supported-publishing-event>
			<qname xmlns:x="http://coach.com/events">x:ipc.fileURL</qname>
		</supported-publishing-event>
	</portlet>
	
	<portlet>
		<portlet-name>SideRelatedLinks</portlet-name>
		<portlet-class>org.springframework.web.portlet.DispatcherPortlet</portlet-class>
		<init-param>
			<name>contextConfigLocation</name>
			<value>/WEB-INF/context/sideRelatedLinks.xml</value>
		</init-param>
		<supports>
			<mime-type>text/html</mime-type>
			<portlet-mode>view</portlet-mode>
		</supports>
		<portlet-info>
			<title>SideRelatedLinks</title>
		</portlet-info>
		<!-- <supported-publishing-event>
			<qname xmlns:x="http://coach.com/events">x:ipc.sideRelatedLinksFileURL</qname>
		</supported-publishing-event> -->
	</portlet>

	<portlet>
		<portlet-name>PDFPortlet</portlet-name>
		<portlet-class>org.springframework.web.portlet.DispatcherPortlet</portlet-class>
		<init-param>
			<name>contextConfigLocation</name>
			<value>/WEB-INF/context/PDFPortlet.xml</value>
		</init-param>
		<supports>
			<mime-type>text/html</mime-type>
			<portlet-mode>view</portlet-mode>
		</supports>
		<portlet-info>
			<title>PDFPortlet</title>
		</portlet-info>
		<supported-processing-event>
			<qname xmlns:x="http://coach.com/events">x:ipc.fileURL</qname>
		</supported-processing-event>
		<!-- <supported-processing-event>
			<qname xmlns:x="http://coach.com/events">x:ipc.sideRelatedLinksFileURL</qname>
		</supported-processing-event> -->
	</portlet>

	<portlet>
		<portlet-name>News</portlet-name>
		<portlet-class>org.springframework.web.portlet.DispatcherPortlet</portlet-class>
		<init-param>
			<name>contextConfigLocation</name>
			<value>/WEB-INF/context/news.xml</value>
		</init-param>
		<supports>
			<mime-type>text/html</mime-type>
			<portlet-mode>view</portlet-mode>
		</supports>
		<portlet-info>
			<title>News</title>
		</portlet-info>
		<supported-processing-event>
			<qname xmlns:x="http://coach.com/events">x:ipc.articleMap</qname>
		</supported-processing-event>
		
		<supported-processing-event>
			<qname xmlns:x="http://coach.com/events">x:ipc.highlighterMap</qname>
		</supported-processing-event>
		
		<supported-publishing-event>
			<qname xmlns:x="http://coach.com/events">x:ipc.newsParamMap</qname>
		</supported-publishing-event>
	</portlet>
	
	<portlet>
		<portlet-name>Regions</portlet-name>
		<portlet-class>org.springframework.web.portlet.DispatcherPortlet</portlet-class>
		<init-param>
			<name>contextConfigLocation</name>
			<value>/WEB-INF/context/regions.xml</value>
		</init-param>
		<supports>
			<mime-type>text/html</mime-type>
			<portlet-mode>view</portlet-mode>
		</supports>
		<portlet-info>
			<title>Regions</title>
		</portlet-info>
		
		<portlet-preferences>
		<preference>
			<name>portletSetupShowBorders</name>
			<value>false</value>
		</preference>
		</portlet-preferences>

		<supported-publishing-event>
			<qname xmlns:x="http://coach.com/events">x:ipc.region</qname>
		</supported-publishing-event>
		 <supported-publishing-event>
			<qname xmlns:x="http://coach.com/events">x:ipc.offices</qname>
		</supported-publishing-event>
	</portlet>
	
	<portlet>
		<portlet-name>StoreOffices</portlet-name>
		<portlet-class>org.springframework.web.portlet.DispatcherPortlet</portlet-class>
		<init-param>
			<name>contextConfigLocation</name>
			<value>/WEB-INF/context/storeOffices.xml</value>
		</init-param>
		<supports>
			<mime-type>text/html</mime-type>
			<portlet-mode>view</portlet-mode>
		</supports>
		<portlet-info>
			<title>StoreOffices</title>
		</portlet-info>
		
		<portlet-preferences>
		<preference>
			<name>portletSetupShowBorders</name>
			<value>false</value>
		</preference>
		</portlet-preferences>
		
		<supported-processing-event>
			<qname xmlns:x="http://coach.com/events">x:ipc.offices</qname>
		</supported-processing-event>
	</portlet>

	<portlet>
		<portlet-name>StoreAddress</portlet-name>
		<portlet-class>org.springframework.web.portlet.DispatcherPortlet</portlet-class>
		<init-param>
			<name>contextConfigLocation</name>
			<value>/WEB-INF/context/storeAddress.xml</value>
		</init-param>
		<supports>
			<mime-type>text/html</mime-type>
			<portlet-mode>view</portlet-mode>
		</supports>
		<portlet-info>
			<title>StoreAddress</title>
		</portlet-info>
		
		<portlet-preferences>
		<preference>
			<name>portletSetupShowBorders</name>
			<value>false</value>
		</preference>
		</portlet-preferences>

		<supported-processing-event>
			<qname xmlns:x="http://coach.com/events">x:ipc.region</qname>
		</supported-processing-event>
		<supported-processing-event>
			<qname xmlns:x="http://coach.com/events">x:ipc.searchStores</qname>
		</supported-processing-event>
			<supported-publishing-event>
			<qname xmlns:x="http://coach.com/events">x:ipc.searchStores</qname>
		</supported-publishing-event>
	</portlet>
	
	<portlet>
		<portlet-name>quicklinks</portlet-name>
		<display-name>Quick Links</display-name>
		<portlet-class>org.springframework.web.portlet.DispatcherPortlet</portlet-class>
		<init-param>
			<name>contextConfigLocation</name>
			<value>/WEB-INF/context/quickLinks-Portlet.xml</value>
		</init-param>
		<supports>
			<mime-type>text/html</mime-type>
			<portlet-mode>view</portlet-mode>
		</supports>
		<resource-bundle>content/Language</resource-bundle>
		<portlet-info>
			<title>Quick Links</title>
			<short-title>Quick Links</short-title>
			<keywords></keywords>
		</portlet-info>
	</portlet>
	
	<portlet>
		<portlet-name>ca-quicklinks</portlet-name>
		<display-name>CA Quick Links</display-name>
		<portlet-class>org.springframework.web.portlet.DispatcherPortlet</portlet-class>
		<init-param>
			<name>contextConfigLocation</name>
			<value>/WEB-INF/context/ca-quickLinks-Portlet.xml</value>
		</init-param>
		<supports>
			<mime-type>text/html</mime-type>
			<portlet-mode>view</portlet-mode>
		</supports>
		<resource-bundle>content/Language</resource-bundle>
		<portlet-info>
			<title>CA Quick Links</title>
			<short-title>CA Quick Links</short-title>
			<keywords></keywords>
		</portlet-info>
	</portlet>
	
	<portlet>
		<portlet-name>personalMessageAdmin</portlet-name>
		<portlet-class>org.springframework.web.portlet.DispatcherPortlet</portlet-class>
		<init-param>
			<name>contextConfigLocation</name>
			<value>/WEB-INF/context/personalMessage.xml</value>
		</init-param>
		<supports>
			<mime-type>text/html</mime-type>
			<portlet-mode>view</portlet-mode>
		</supports>
		<resource-bundle>content/Language</resource-bundle>
		<portlet-info>
			<title>Personal Message Admin</title>
		</portlet-info>
	</portlet>

	<portlet>
		<portlet-name>personalMessage</portlet-name>
		<display-name>Personal Message</display-name>
		<portlet-class>org.springframework.web.portlet.DispatcherPortlet</portlet-class>
		<init-param>
			<name>contextConfigLocation</name>
			<value>/WEB-INF/context/personalMessageDisplay.xml</value>
		</init-param>
		<supports>
			<mime-type>text/html</mime-type>
			<portlet-mode>view</portlet-mode>
		</supports>
		<portlet-info>
			<title>Personal Message</title>
			<short-title>Personal Message</short-title>
			<keywords></keywords>
		</portlet-info>
		<supported-processing-event>
			<qname xmlns:x="http://coach.com/events">x:ipc.personalMessageMap</qname>
		</supported-processing-event>
		<supported-publishing-event>
			<qname xmlns:x="http://coach.com/events">x:ipc.personalMessageMap</qname>
		</supported-publishing-event>
		
	</portlet>
	
	<portlet>
		<portlet-name>employeeSearch</portlet-name>
		<display-name>Employee Search</display-name>
		<portlet-class>org.springframework.web.portlet.DispatcherPortlet</portlet-class>
		<init-param>
			<name>contextConfigLocation</name>
			<value>/WEB-INF/context/employeeSearch.xml</value>
		</init-param>
		<supports>
			<mime-type>text/html</mime-type>
			<portlet-mode>view</portlet-mode>
		</supports>
		<resource-bundle>content/Language</resource-bundle>
		<portlet-info>
			<title>Employee Search</title>
			<short-title>Employee Search</short-title>
			<keywords></keywords>
		</portlet-info>
		<portlet-preferences>
			<preference>
				<name>portletSetupShowBorders</name>
				<value>false</value>
			</preference>
		</portlet-preferences>
	</portlet>
	
	<portlet>
		<portlet-name>employeedirectorysearch</portlet-name>
		<display-name>Employee Directory Search</display-name>
		<portlet-class>org.springframework.web.portlet.DispatcherPortlet</portlet-class>
		<init-param>
			<name>contextConfigLocation</name>
			<value>/WEB-INF/context/employeeDirectory.xml</value>
		</init-param>
		<supports>
			<mime-type>text/html</mime-type>
			<portlet-mode>view</portlet-mode>
		</supports>
		<resource-bundle>content/Language</resource-bundle>
		<portlet-info>
			<title>Employee Directory Search</title>
			<short-title>Employee Directory Search</short-title>
			<keywords></keywords>
		</portlet-info>
		<portlet-preferences>
			<preference>
				<name>portletSetupShowBorders</name>
				<value>false</value>
			</preference>
		</portlet-preferences>
		<supported-processing-event>
			<qname xmlns:x="http://coach.com/events">x:ipc.empProfile</qname>
		</supported-processing-event>
		<supported-publishing-event>
			<qname xmlns:x="http://coach.com/events">x:ipc.empProfile</qname>
		</supported-publishing-event>
	</portlet>

	<portlet>
		<portlet-name>feedback</portlet-name>
		<display-name>SHARE YOUR FEEDBACK</display-name>
		<portlet-class>org.springframework.web.portlet.DispatcherPortlet</portlet-class>
		<init-param>
			<name>contextConfigLocation</name>
			<value>/WEB-INF/context/feedback-portlet.xml</value>
		</init-param>
		<supports>
			<mime-type>text/html</mime-type>
			<portlet-mode>view</portlet-mode>
		</supports>
		<resource-bundle>content/Language</resource-bundle>
		<portlet-info>
			<title>SHARE YOUR FEEDBACK</title>
			<short-title>Feedback</short-title>
			<keywords>Feedback</keywords>
		</portlet-info>
	</portlet>
	
	<portlet>
		<portlet-name>executiveCorner</portlet-name>
		<display-name>EXECUTIVE CORNER</display-name>
		<portlet-class>org.springframework.web.portlet.DispatcherPortlet</portlet-class>
		<init-param>
			<name>contextConfigLocation</name>
			<value>/WEB-INF/context/executiveCorner-portlet.xml</value>
		</init-param>
		<supports>
			<mime-type>text/html</mime-type>
			<portlet-mode>view</portlet-mode>
		</supports>
		<resource-bundle>content/Language</resource-bundle>
		<portlet-info>
			<title>EXECUTIVE CORNER</title>
			<short-title>EXECUTIVE CORNER</short-title>
			<keywords>EXECUTIVE CORNER</keywords>
		</portlet-info>
		<supported-publishing-event>
			<qname xmlns:x="http://coach.com/events">x:ipc.articleMap</qname>
		</supported-publishing-event>
		<supported-publishing-event>
			<qname xmlns:x="http://coach.com/events">x:ipc.docMap</qname>
		</supported-publishing-event>
	</portlet>

	<portlet>
		<portlet-name>visionAndValues</portlet-name>
		<display-name>VISION AND VALUES</display-name>
		<portlet-class>org.springframework.web.portlet.DispatcherPortlet</portlet-class>
		<init-param>
			<name>contextConfigLocation</name>
			<value>/WEB-INF/context/visionAndValues-portlet.xml</value>
		</init-param>
		<supports>
			<mime-type>text/html</mime-type>
			<portlet-mode>view</portlet-mode>
		</supports>
		<resource-bundle>content/Language</resource-bundle>
		<portlet-info>
			<title>VISION AND VALUES</title>
			<short-title>VISION AND VALUES</short-title>
			<keywords>VISION AND VALUES</keywords>
		</portlet-info>
		<supported-publishing-event>
			<qname xmlns:x="http://coach.com/events">x:ipc.articleMap</qname>
		</supported-publishing-event>
	</portlet>
	
	<portlet>
		<portlet-name>newHires</portlet-name>
		<display-name>New Hires</display-name>
		<portlet-class>org.springframework.web.portlet.DispatcherPortlet</portlet-class>
		<init-param>
			<name>contextConfigLocation</name>
			<value>/WEB-INF/context/newHires-Portlet.xml</value>
		</init-param>
		<supports>
			<mime-type>text/html</mime-type>
			<portlet-mode>view</portlet-mode>
		</supports>
		<resource-bundle>messages</resource-bundle>
		<portlet-info>
			<title>New Hires</title>
			<short-title>New Hires</short-title>
			<keywords></keywords>
		</portlet-info>
		<portlet-preferences>
			<preference>
				<name>portletSetupShowBorders</name>
				<value>false</value>
			</preference>
		</portlet-preferences>
	</portlet>
	
	<portlet>
		<portlet-name>promotions</portlet-name>
		<display-name>Promotions</display-name>
		<portlet-class>org.springframework.web.portlet.DispatcherPortlet</portlet-class>
		<init-param>
			<name>contextConfigLocation</name>
			<value>/WEB-INF/context/promotions-Portlet.xml</value>
		</init-param>
		<supports>
			<mime-type>text/html</mime-type>
			<portlet-mode>view</portlet-mode>
		</supports>
		<resource-bundle>messages</resource-bundle>
		<portlet-info>
			<title>Promotions</title>
			<short-title>Promotions</short-title>
			<keywords></keywords>
		</portlet-info>
		<portlet-preferences>
			<preference>
				<name>portletSetupShowBorders</name>
				<value>false</value>
			</preference>
		</portlet-preferences>
	</portlet>
	
	<portlet>
		<portlet-name>Webcontent</portlet-name>
		<display-name>All Coach News</display-name>
		<portlet-class>org.springframework.web.portlet.DispatcherPortlet</portlet-class>
		<init-param>
			<name>contextConfigLocation</name>
			<value>/WEB-INF/context/webcontent-portlet.xml</value>
		</init-param>
		<supports>
			<mime-type>text/html</mime-type>
			<portlet-mode>view</portlet-mode>
		</supports>
		<resource-bundle>content/Language</resource-bundle>
		<portlet-info>
			<title>All Coach News</title>
			<short-title>All Coach News</short-title>
			<keywords>All Coach News, Coach, News</keywords>
		</portlet-info>
		<supported-publishing-event>
			<qname xmlns:x="http://coach.com/events">x:ipc.articleMap</qname>
		</supported-publishing-event>
		
	</portlet>
	
	<portlet>
		<portlet-name>localNews</portlet-name>
		<display-name>LOCAL NEWS</display-name>
		<portlet-class>org.springframework.web.portlet.DispatcherPortlet</portlet-class>
		<init-param>
			<name>contextConfigLocation</name>
			<value>/WEB-INF/context/localNews-portlet.xml</value>
		</init-param>
		<supports>
			<mime-type>text/html</mime-type>
			<portlet-mode>view</portlet-mode>
		</supports>
		<resource-bundle>content/Language</resource-bundle>
		<portlet-info>
			<title>LOCAL NEWS</title>
			<short-title>LOCAL NEWS</short-title>
			<keywords>LOCAL NEWS</keywords>
		</portlet-info>
		<supported-publishing-event>
			<qname xmlns:x="http://coach.com/events">x:ipc.articleMap</qname>
		</supported-publishing-event>
	</portlet>
	
	<portlet>
		<portlet-name>CalendarNavigation</portlet-name>
		<portlet-class>org.springframework.web.portlet.DispatcherPortlet</portlet-class>
		<init-param>
			<name>contextConfigLocation</name>
			<value>/WEB-INF/context/calendarNavigation.xml</value>
		</init-param>
		<supports>
			<mime-type>text/html</mime-type>
			<portlet-mode>view</portlet-mode>
		</supports>
		<portlet-info>
			<title>Calendar Navigation</title>
		</portlet-info>
	</portlet>
	
	<portlet>
		<portlet-name>LinksPortlet</portlet-name>
		<display-name>LinksPortlet</display-name>
		<portlet-class>org.springframework.web.portlet.DispatcherPortlet</portlet-class>
		<init-param>
			<name>contextConfigLocation</name>
			<value>/WEB-INF/context/linksPortlet.xml</value>
		</init-param>
		<supports>
			<mime-type>text/html</mime-type>
			<portlet-mode>view</portlet-mode>
			<portlet-mode>config</portlet-mode>
		</supports>
		<portlet-info>
			<title>LinksPortlet</title>
			<short-title>LinksPortlet</short-title>
		</portlet-info>
	</portlet>
	
	<portlet>
		<portlet-name>OrgSwitchPortlet</portlet-name>
		<display-name>Organization Switch Portlet</display-name>
		<portlet-class>org.springframework.web.portlet.DispatcherPortlet</portlet-class>
		<init-param>
			<name>contextConfigLocation</name>
			<value>/WEB-INF/context/orgSwitchPortlet.xml</value>
		</init-param>
		<supports>
			<mime-type>text/html</mime-type>
			<portlet-mode>view</portlet-mode>
			<portlet-mode>config</portlet-mode>
		</supports>
		<portlet-info>
			<title>Organization Switch Portlet</title>
			<short-title>OrgSwitchPortlet</short-title>
		</portlet-info>
	</portlet>
	
	<portlet>
		<portlet-name>StaticVideoPortlet</portlet-name>
		<display-name>StaticVideoPortlet</display-name>
		<portlet-class>org.springframework.web.portlet.DispatcherPortlet</portlet-class>
		<init-param>
			<name>contextConfigLocation</name>
			<value>/WEB-INF/context/staticVideoPortlet.xml</value>
		</init-param>
		<supports>
			<mime-type>text/html</mime-type>
			<portlet-mode>view</portlet-mode>
		</supports>
		<portlet-info>
			<title>StaticVideoPortlet</title>
			<short-title>StaticVideoPortlet</short-title>
		</portlet-info>
		<portlet-preferences>
			<preference>
				<name>portletSetupShowBorders</name>
				<value>false</value>
			</preference>
		</portlet-preferences>
	</portlet>
	
	<portlet>
		<portlet-name>DocumentContent</portlet-name>
		<display-name>Latest Updates Scroller</display-name>
		<portlet-class>org.springframework.web.portlet.DispatcherPortlet</portlet-class>
		<init-param>
			<name>contextConfigLocation</name>
			<value>/WEB-INF/context/documentContentPortlet.xml</value>
		</init-param>
		<supports>
			<mime-type>text/html</mime-type>
			<portlet-mode>view</portlet-mode>
		</supports>
		<resource-bundle>content/Language</resource-bundle>
		<portlet-info>
			<title>Latest updates Scroller</title>
			<short-title>Latest updates Scroller</short-title>
			<keywords>Latest updates, Latest, Updates, Scroller</keywords>
		</portlet-info>
	</portlet>
	
	<portlet>
		<portlet-name>AllDocumentContent</portlet-name>
		<display-name>All Updates</display-name>
		<portlet-class>org.springframework.web.portlet.DispatcherPortlet</portlet-class>
		<init-param>
			<name>contextConfigLocation</name>
			<value>/WEB-INF/context/allDocumentContentPortlet.xml</value>
		</init-param>
		<supports>
			<mime-type>text/html</mime-type>
			<portlet-mode>view</portlet-mode>
		</supports>
		<resource-bundle>content/Language</resource-bundle>
		<portlet-info>
			<title>All Updates</title>
			<short-title>All Updates</short-title>
			<keywords>All Updates, All, Updates</keywords>
		</portlet-info>
		<supported-processing-event>
			<qname xmlns:x="http://coach.com/events">x:ipc.vocabulory</qname>
		</supported-processing-event>
	</portlet>
	
	<portlet>
		<portlet-name>DocumentContentNavigation</portlet-name>
		<display-name>All Updates Navigation</display-name>
		<portlet-class>org.springframework.web.portlet.DispatcherPortlet</portlet-class>
		<init-param>
			<name>contextConfigLocation</name>
			<value>/WEB-INF/context/documentContentNavigationPortlet.xml</value>
		</init-param>
		<supports>
			<mime-type>text/html</mime-type>
			<portlet-mode>view</portlet-mode>
		</supports>
		<resource-bundle>content/Language</resource-bundle>
		<portlet-info>
			<title>All Updates Navigation</title>
			<short-title>All Updates Navigation</short-title>
			<keywords>All, Updates, Navigation</keywords>
		</portlet-info>
		<supported-publishing-event>
			<qname xmlns:x="http://coach.com/events">x:ipc.vocabulory</qname>
		</supported-publishing-event>
	</portlet>
	
	<portlet>
		<portlet-name>NotificationsPortlet</portlet-name>
		<display-name>NotificationsPortlet</display-name>
		<portlet-class>org.springframework.web.portlet.DispatcherPortlet</portlet-class>
		<init-param>
			<name>contextConfigLocation</name>
			<value>/WEB-INF/context/notificationsPortlet.xml</value>
		</init-param>
		<supports>
			<mime-type>text/html</mime-type>
			<portlet-mode>view</portlet-mode>
		</supports>
		<portlet-info>
			<title>NotificationsPortlet</title>
			<short-title>NotificationsPortlet</short-title>
		</portlet-info>
		<portlet-preferences>
			<preference>
				<name>portletSetupShowBorders</name>
				<value>false</value>
			</preference>
		</portlet-preferences>
		<supported-publishing-event>
			<qname xmlns:x="http://coach.com/events">x:ipc.taskURL</qname>
		</supported-publishing-event>
	</portlet>
	
	<portlet>
		<portlet-name>managingNotification</portlet-name>
		<display-name>Managing Notifications</display-name>
		<portlet-class>org.springframework.web.portlet.DispatcherPortlet</portlet-class>
		<init-param>
			<name>contextConfigLocation</name>
			<value>/WEB-INF/context/managingNotification-portlet.xml</value>
		</init-param>
		<supports>
			<mime-type>text/html</mime-type>
			<portlet-mode>view</portlet-mode>
		</supports>
		<resource-bundle>content/Language</resource-bundle>
		<portlet-info>
			<title>Managing Notifications</title>
			<short-title>Notification</short-title>
			<keywords>Notification</keywords>
		</portlet-info>		
	</portlet>
	
	<portlet>
		<portlet-name>QuestionsAndAnswers</portlet-name>
		<portlet-class>org.springframework.web.portlet.DispatcherPortlet</portlet-class>
		<init-param>
			<name>contextConfigLocation</name>
			<value>/WEB-INF/context/questionsAndAnswers.xml</value>
		</init-param>
		<supports>
			<mime-type>text/html</mime-type>
			<portlet-mode>view</portlet-mode>
		</supports>
		<portlet-info>
			<title>Questions And Answers</title>
		</portlet-info>
		<supported-processing-event>
			<qname xmlns:x="http://coach.com/events">x:ipc.fileURL</qname>
		</supported-processing-event>
	</portlet>
	
	<portlet>
		<portlet-name>Instructions</portlet-name>
		<portlet-class>org.springframework.web.portlet.DispatcherPortlet</portlet-class>
		<init-param>
			<name>contextConfigLocation</name>
			<value>/WEB-INF/context/instructions.xml</value>
		</init-param>
		<supports>
			<mime-type>text/html</mime-type>
			<portlet-mode>view</portlet-mode>
		</supports>
		<portlet-info>
			<title>Instructions</title>
		</portlet-info>
		<supported-processing-event>
			<qname xmlns:x="http://coach.com/events">x:ipc.fileURL</qname>
		</supported-processing-event>
	</portlet>
	
	<portlet>
		<portlet-name>Tasks</portlet-name>
		<portlet-class>org.springframework.web.portlet.DispatcherPortlet</portlet-class>
		<init-param>
			<name>contextConfigLocation</name>
			<value>/WEB-INF/context/tasks.xml</value>
		</init-param>
		<supports>
			<mime-type>text/html</mime-type>
			<portlet-mode>view</portlet-mode>
		</supports>
		<portlet-info>
			<title>Tasks</title>
		</portlet-info>
		<supported-processing-event>
			<qname xmlns:x="http://coach.com/events">x:ipc.taskURL</qname>
		</supported-processing-event>
		<!-- <supported-publishing-event>
			<qname xmlns:x="http://coach.com/events">x:ipc.taskInstructionsURL</qname>
		</supported-publishing-event> -->
	</portlet>
	
	<portlet>
		<portlet-name>TaskInstructions</portlet-name>
		<portlet-class>org.springframework.web.portlet.DispatcherPortlet</portlet-class>
		<init-param>
			<name>contextConfigLocation</name>
			<value>/WEB-INF/context/taskInstructions.xml</value>
		</init-param>
		<supports>
			<mime-type>text/html</mime-type>
			<portlet-mode>view</portlet-mode>
		</supports>
		<portlet-info>
			<title>TaskInstructions</title>
		</portlet-info>
		<!-- <supported-processing-event>
			<qname xmlns:x="http://coach.com/events">x:ipc.taskInstructionsURL</qname>
		</supported-processing-event> -->
	</portlet>
	
	<portlet>
		<portlet-name>NotificationDetail</portlet-name>
		<portlet-class>org.springframework.web.portlet.DispatcherPortlet</portlet-class>
		<init-param>
			<name>contextConfigLocation</name>
			<value>/WEB-INF/context/notificationDetail.xml</value>
		</init-param>
		<supports>
			<mime-type>text/html</mime-type>
			<portlet-mode>view</portlet-mode>
		</supports>
		<portlet-info>
			<title>NotificationDetail</title>
		</portlet-info>
		
		<portlet-preferences>
		<preference>
			<name>portletSetupShowBorders</name>
			<value>false</value>
		</preference>
		</portlet-preferences>
		
		<supported-processing-event>
			<qname xmlns:x="http://coach.com/events">x:ipc.taskURL</qname>
		</supported-processing-event>
	</portlet>
	
	
	<event-definition>
		<qname xmlns:x="http://coach.com/events">x:ipc.taskInstructionsURL</qname>
		<value-type>java.util.HashMap</value-type>
	</event-definition>
	
	<event-definition>
		<qname xmlns:x="http://coach.com/events">x:ipc.taskURL</qname>
		<value-type>java.util.HashMap</value-type>
	</event-definition>
	<event-definition>
		<qname xmlns:x="http://coach.com/events">x:ipc.highlighterMap</qname>
		<value-type>java.util.HashMap</value-type>
	</event-definition>
	<event-definition>
		<qname xmlns:x="http://coach.com/events">x:ipc.articleMap</qname>
		<value-type>java.util.HashMap</value-type>
	</event-definition>
	<event-definition>
		<qname xmlns:x="http://liferay.com/events">x:ipc.newsCategory</qname>
		<value-type>java.lang.String</value-type>
	</event-definition>
	<event-definition>
		<qname xmlns:x="http://coach.com/events">x:ipc.region</qname>
		<value-type>java.util.HashMap</value-type>
	</event-definition>
	<event-definition>
		<qname xmlns:x="http://coach.com/events">x:ipc.newsParamMap</qname>
		<value-type>java.util.HashMap</value-type>
	</event-definition>
	<event-definition>
		<qname xmlns:x="http://coach.com/events">x:ipc.fileURL</qname>
		<value-type>java.util.HashMap</value-type>
	</event-definition>
	
	<event-definition>
		<qname xmlns:x="http://coach.com/events">x:ipc.sideRelatedLinksFileURL</qname>
		<value-type>java.util.HashMap</value-type>
	</event-definition>
	<event-definition>
		<qname xmlns:x="http://coach.com/events">x:ipc.empProfile</qname>
		<value-type>java.util.HashMap</value-type>
	</event-definition>
	
	<event-definition>
		<qname xmlns:x="http://coach.com/events">x:ipc.searchStores</qname>
		<value-type>java.util.HashMap</value-type>
	</event-definition>
	<event-definition>
		<qname xmlns:x="http://coach.com/events">x:ipc.docMap</qname>
		<value-type>java.util.HashMap</value-type>
	</event-definition>
	<event-definition>
		<qname xmlns:x="http://coach.com/events">x:ipc.personalMessageMap</qname>
		<value-type>java.util.HashMap</value-type>
	</event-definition>
	<event-definition>
		<qname xmlns:x="http://coach.com/events">x:ipc.offices</qname>
		<value-type>java.util.HashMap</value-type>
	</event-definition>
	<event-definition>
		<qname xmlns:x="http://coach.com/events">x:ipc.vocabulory</qname>
		<value-type>java.lang.String</value-type>
	</event-definition>
	
</portlet-app>