<?xml version="1.0" encoding="UTF-8"?>
<beans xmlns="http://www.springframework.org/schema/beans" xmlns:xsi="http://www.w3.org/2001/XMLSchema-instance"
	   xmlns:util="http://www.springframework.org/schema/util"
       xmlns:context="http://www.springframework.org/schema/context"
       xmlns:p="http://www.springframework.org/schema/p"
   	   xmlns:sws="http://www.springframework.org/schema/web-services"
       xmlns:oxm="http://www.springframework.org/schema/oxm"
       xsi:schemaLocation="http://www.springframework.org/schema/beans http://www.springframework.org/schema/beans/spring-beans-3.0.xsd
       http://www.springframework.org/schema/context http://www.springframework.org/schema/context/spring-context.xsd
       http://www.springframework.org/schema/util http://www.springframework.org/schema/util/spring-util-2.0.xsd
       http://www.springframework.org/schema/web-services
       http://www.springframework.org/schema/web-services/web-services-2.0.xsd
       http://www.springframework.org/schema/oxm 
       http://www.springframework.org/schema/oxm/spring-oxm-1.5.xsd"
       default-lazy-init="true">
	
	<import resource="classpath:ApplicationContext-Persistence.xml" />
    <!-- Activates scanning of @Autowired -->
    <context:annotation-config/>
    <context:property-placeholder location="file:///${catalina.home}/web-service.properties"/>
	<!-- <context:property-placeholder location="file:///${liferay.home}/portal-ext.properties"/>  -->
    <!-- Activates scanning of @Service -->
    <context:component-scan base-package="com.coach.cip.services"/>
	
	<!-- Web Services Configuration -->
	
	<bean id="messageFactory" class="org.springframework.ws.soap.saaj.SaajSoapMessageFactory">
       <property name="soapVersion">
            <util:constant static-field="org.springframework.ws.soap.SoapVersion.SOAP_11" />
        </property> 
    </bean>
       
     
    <bean id="messageSender" class="org.springframework.ws.transport.http.CommonsHttpMessageSender">
      <!-- <property name="connectionTimeout" value="${coach.cip.webservice.connectionTimeout}" />
      <property name="readTimeout" value="${coach.cip.webservice.readTimeout}" />   -->
    </bean>
         
    <bean id="storeServiceMarshaller" class="org.springframework.oxm.jaxb.Jaxb2Marshaller">
        <property name="contextPath" 
        value="com.coach.stores.service.beans"/>
    </bean>
    <bean id="employeeServiceMarshaller" class="org.springframework.oxm.jaxb.Jaxb2Marshaller">
        <property name="contextPath" 
        value="com.coach.employees.service.beans"/>
    </bean>
    <bean id="hrCaseServiceMarshaller" class="org.springframework.oxm.jaxb.Jaxb2Marshaller">
        <property name="contextPath" 
        value="com.coach.notifications.hrcase.service.beans"/>
    </bean>
     <bean id="notificationsServiceMarshaller" class="org.springframework.oxm.jaxb.Jaxb2Marshaller">
        <property name="contextPath" 
        value="com.coach.notifications.service.beans"/>
    </bean>
    <bean id="hrTaskServiceMarshaller" class="org.springframework.oxm.jaxb.Jaxb2Marshaller">
        <property name="contextPath" 
        value="com.coach.notifications.hrtask.service.beans"/>
    </bean>
    <bean id="hrTaskParentsServiceMarshaller" class="org.springframework.oxm.jaxb.Jaxb2Marshaller">
        <property name="contextPath" 
        value="com.coach.notifications.hrtaskparents.service.beans"/>
    </bean>
    
    <bean id="wss4jSecurityInterceptor"  class="org.springframework.ws.soap.security.wss4j.Wss4jSecurityInterceptor">
	<property name="securementActions" value="Timestamp UsernameToken" />
	  <property name="securementUsername" value="${coach.cip.webservice.username}" />
	  <property name="securementPassword" value="${coach.cip.webservice.password}" />
	  <property name="securementPasswordType" value="PasswordText"/>
	  <property name="validationCallbackHandler" ref="callbackHandler" />
 	</bean>
 	
	 <bean id="callbackHandler" class="org.springframework.ws.soap.security.wss4j.callback.SimplePasswordValidationCallbackHandler">
	     <property name="users">
	         <props>
	             <prop key="${coach.cip.webservice.username}">${coach.cip.webservice.password}</prop>
	         </props>
	     </property>
	 </bean>
	 
	<bean id="wss4jSecurityInterceptor1"  class="org.springframework.ws.soap.security.wss4j.Wss4jSecurityInterceptor">
	<property name="securementActions" value="Timestamp UsernameToken" />
	  <property name="securementUsername" value="${coach.cip.notificationwebservice.username}" />
	  <property name="securementPassword" value="${coach.cip.notificationwebservice.password}" />
	  <property name="securementPasswordType" value="PasswordText"/>
	  <property name="validationCallbackHandler" ref="callbackHandler1" />
 	</bean>
 	
	 <bean id="callbackHandler1" class="org.springframework.ws.soap.security.wss4j.callback.SimplePasswordValidationCallbackHandler">
	     <property name="users">
	         <props>
	             <prop key="${coach.cip.notificationwebservice.username}">${coach.cip.notificationwebservice.password}</prop>
	         </props>
	     </property>
	 </bean>
    
    <bean id="storeServiceTemplate" class="org.springframework.ws.client.core.WebServiceTemplate"
	  p:marshaller-ref="storeServiceMarshaller"
	  p:unmarshaller-ref="storeServiceMarshaller"
	  p:defaultUri="${coach.cip.webservice.stores.url}"
	  p:messageSender-ref="messageSender">
	  <constructor-arg ref="messageFactory"/> 
	  <property name="interceptors">
	   <list>
	    <ref local="wss4jSecurityInterceptor"/>
	   </list>
	  </property>
 	</bean>
 	 <bean id="employeeServiceTemplate" class="org.springframework.ws.client.core.WebServiceTemplate"
	  p:marshaller-ref="employeeServiceMarshaller"
	  p:unmarshaller-ref="employeeServiceMarshaller"
	  p:defaultUri="${coach.cip.webservice.employees.url}"
	  p:messageSender-ref="messageSender">
	  <constructor-arg ref="messageFactory"/> 
	  <property name="interceptors">
	   <list>
	    <ref local="wss4jSecurityInterceptor"/>
	   </list>
	  </property>
 	</bean>
 	
 	<bean id="notificationsServiceTemplate" class="org.springframework.ws.client.core.WebServiceTemplate" 
	  p:marshaller-ref="notificationsServiceMarshaller"
	  p:unmarshaller-ref="notificationsServiceMarshaller"
	  p:defaultUri="${coach.cip.webservice.notifications.url}"
	  p:messageSender-ref="messageSender">
	  <constructor-arg ref="messageFactory"/> 
 	</bean>
 	
 	<bean id="notificationsHRCaseServiceTemplate" class="org.springframework.ws.client.core.WebServiceTemplate" 
	  p:marshaller-ref="hrCaseServiceMarshaller"
	  p:unmarshaller-ref="hrCaseServiceMarshaller"
	  p:defaultUri="${coach.cip.webservice.notifications.hrcase.url}"
	  p:messageSender-ref="messageSender">
	  <constructor-arg ref="messageFactory"/> 
 	</bean>
 	
 	<bean id="notificationsHRTaskServiceTemplate" class="org.springframework.ws.client.core.WebServiceTemplate" 
	  p:marshaller-ref="hrTaskServiceMarshaller"
	  p:unmarshaller-ref="hrTaskServiceMarshaller"
	  p:defaultUri="${coach.cip.webservice.notifications.hrtask.url}"
	  p:messageSender-ref="messageSender">
	  <constructor-arg ref="messageFactory"/> 
 	</bean>
 	
  <bean id="notificationsHRTaskParentsServiceTemplate" class="org.springframework.ws.client.core.WebServiceTemplate" 
	  p:marshaller-ref="hrTaskParentsServiceMarshaller"
	  p:unmarshaller-ref="hrTaskParentsServiceMarshaller"
	  p:defaultUri="${coach.cip.webservice.notifications.hrtaskparents.url}"
	  p:messageSender-ref="messageSender">
	  <constructor-arg ref="messageFactory"/> 
 	</bean> 
</beans>