<?xml version='1.0' encoding='UTF-8'?>
<beans xmlns="http://www.springframework.org/schema/beans"
	xmlns:aop="http://www.springframework.org/schema/aop" xmlns:xsi="http://www.w3.org/2001/XMLSchema-instance"
	xmlns:tx="http://www.springframework.org/schema/tx" xmlns:context="http://www.springframework.org/schema/context"
	xsi:schemaLocation="http://www.springframework.org/schema/beans http://www.springframework.org/schema/beans/spring-beans-3.0.xsd
	http://www.springframework.org/schema/aop http://www.springframework.org/schema/aop/spring-aop-3.0.xsd
	http://www.springframework.org/schema/tx http://www.springframework.org/schema/tx/spring-tx-3.0.xsd
	http://www.springframework.org/schema/context http://www.springframework.org/schema/context/spring-context-3.0.xsd">
	<tx:annotation-driven />
	
	<!-- Activates scanning of @Autowired -->
    <context:annotation-config/>

    <!-- Activates scanning of @Repository -->
    <context:component-scan base-package="com.coach.cip.model.dao"/>
    
    <!-- <context:property-placeholder location="file:///${liferay.home}/portal-ext.properties"/>  -->
	<bean id="sessionFactory"
		class="org.springframework.orm.hibernate3.annotation.AnnotationSessionFactoryBean">
		<property name="dataSource" ref="dataSource" /> 
		<property name="packagesToScan">
			<list>
				<value>com.coach.cip.model.entity</value>
			</list>
		</property>
		<property name="hibernateProperties">
			<props>
				<prop key="hibernate.dialect">${hibernate.dialect}</prop>
				<prop key="hibernate.show_sql">false</prop>
				<!-- <prop key="hibernate.hbm2ddl.auto">update</prop> -->
			</props>
		</property>
	</bean>
	<!-- <bean id="dataSource"
		class="org.springframework.jdbc.datasource.DriverManagerDataSource">
		<property name="driverClassName">
			<value>${jdbc.default.driverClassName}</value>
		</property>
		<property name="url">
			<value>${jdbc.default.url}</value>
		</property>
		<property name="username">
			<value>${jdbc.default.username}</value>
		</property>
		<property name="password">
			<value>${jdbc.default.password}</value>
		</property>
	</bean>  -->
	<bean id="dataSource" class="org.springframework.jndi.JndiObjectFactoryBean">
		<property name="jndiName" value="java:comp/env/jdbc/LiferayPool"/> 
		<property name="lookupOnStartup" value="true"></property>
		<property name="cache" value="true"></property>
		<property name="proxyInterface" value="javax.sql.DataSource"></property>
		<property name="resourceRef"  value="true" /> 
	</bean>
	<bean id="transactionManager"
		class="org.springframework.orm.hibernate3.HibernateTransactionManager">
		<property name="sessionFactory" ref="sessionFactory" />
	</bean>
</beans>