<?xml version="1.0" encoding="UTF-8"?>
<beans xmlns="http://www.springframework.org/schema/beans"
	xmlns:xsi="http://www.w3.org/2001/XMLSchema-instance" xmlns:p="http://www.springframework.org/schema/p"
	xmlns:context="http://www.springframework.org/schema/context"
	xmlns:util="http://www.springframework.org/schema/util"
	xsi:schemaLocation="
        http://www.springframework.org/schema/beans
        http://www.springframework.org/schema/beans/spring-beans-3.0.xsd
        http://www.springframework.org/schema/context
        http://www.springframework.org/schema/context/spring-context-3.0.xsd
        http://www.springframework.org/schema/util
        http://www.springframework.org/schema/util/spring-util-3.0.xsd
        http://www.springframework.org/schema/mvc 
        http://www.springframework.org/schema/mvc/spring-mvc-3.0.xsd">

	<bean
		class="org.springframework.web.portlet.mvc.annotation.AnnotationMethodHandlerAdapter" />

	<bean id="portletModeHandlerMapping"
		class="org.springframework.web.portlet.handler.PortletModeHandlerMapping">	
		<property name="portletModeMap">
			<map>
				<entry key="view">
					<ref bean="questionsAndAnswersController" />
				</entry>
			</map>
		</property>
	</bean>
</beans>