<?xml version="1.0"?>
<!DOCTYPE hook PUBLIC "-//Liferay//DTD Hook 6.1.0//EN" "http://www.liferay.com/dtd/liferay-hook_6_1_0.dtd">

<hook>
	<portal-properties>portal.properties</portal-properties>
	<language-properties>content/Language_en_US.properties</language-properties>
	<language-properties>content/Language_en.properties</language-properties>
	<language-properties>content/Language_ja.properties</language-properties>
	<language-properties>content/Language_es.properties</language-properties>
	<language-properties>content/Language_zh_CN.properties</language-properties>
	<language-properties>content/Language_zh_TW.properties</language-properties>
	<custom-jsp-dir>/custom_jsps</custom-jsp-dir>
</hook>