<?xml version="1.0"?>

<workflow-definition xmlns="urn:liferay.com:liferay-workflow_6.1.0" xmlns:xsi="http://www.w3.org/2001/XMLSchema-instance" xsi:schemaLocation="urn:liferay.com:liferay-workflow_6.1.0 http://www.liferay.com/dtd/liferay-workflow-definition_6_1_0.xsd">
	<name>Asia Stores Approver Publisher Workflow</name>
	<description>Approver and Publisher will approve a workflow content and mail will be triggered for approval and rejection. Use this Workflow only for Asia Stores</description>
	<version>1</version>
	<state>
		<name>created</name>
		<metadata> <![CDATA[{"xy":[58,39]}]]>
		</metadata>
		<initial>true</initial>
		<transitions>
			<transition>
				<name>Determine Branch</name>
				<target>determine-branch</target>
				<default>true</default>
			</transition>
		</transitions>
	</state>
	<condition>
		<name>determine-branch</name>
		<metadata> <![CDATA[{"xy":[228,32]}]]>
		</metadata>
		<script> <![CDATA[
		returnValue = "Default Content Review";
		System.out.println("Returning default Workflow : " + returnValue);
			]]>
		</script>
		<script-language>groovy</script-language>
		<transitions>
			<transition>
				<name>Default Content Review</name>
				<target>default-content-review</target>
				<default>false</default>
			</transition>
		</transitions>
	</condition>
	<task>
		<name>default-content-review</name>
		<metadata> <![CDATA[{"xy":[447,119]}]]>
		</metadata>
		<actions>
			<notification>
				<name>Review Notification</name>
				<description>Review Compliance Notification</description>
				<template>
					#set ($workflowHandlerRegistryUtil = $portal.getClass().forName("com.liferay.portal.kernel.workflow.WorkflowHandlerRegistryUtil"))
					#set ($workflowHandler = $workflowHandlerRegistryUtil.getWorkflowHandler($entryClassName))
					#set ($classPK = $getterUtil.getInteger($entryClassPK)) 
					#set ($assetRenderer = $workflowHandler.getAssetRenderer($classPK)) 
					#set ($assetRendererFactory = $workflowHandler.getAssetRendererFactory()) 
					#set ($assetEntry = $assetRendererFactory.getAssetEntry($assetRendererFactory.getClassName(), $assetRenderer.getClassPK())) 
					#set ($locale = $localeUtil.getDefault()) 
					<![CDATA[
						<p>You have a task awaiting for approval in your workflow queue. The details of the content awaiting approval are as follows : </p>
						<table style="border-width:1px; border-style:solid;">
							<tr>
								<th>Content title:</th><td> ${assetRenderer.getTitle($locale)}</td>
							</tr>
							<tr>
								<th>Content creator:</th><td> ${assetEntry.userName}</td>
							</tr>
							<tr>
								<th>Date created:</th><td> ${assetEntry.createDate}</td>
							</tr>
						</table>
					]]>
				</template>
				<template-language>velocity</template-language>
				<notification-type>private-message</notification-type>
				<execution-type>onAssignment</execution-type>
			</notification>
		</actions>
		<assignments>
			<scripted-assignment>
				<script><![CDATA[
				import com.liferay.portal.kernel.workflow.WorkflowHandler;
				import com.liferay.portal.kernel.workflow.WorkflowHandlerRegistryUtil;
				import com.liferay.portal.kernel.workflow.WorkflowConstants;
				import com.liferay.portlet.asset.model.AssetCategory;
				import com.liferay.portlet.asset.model.AssetEntry;
				import com.liferay.portlet.asset.model.AssetRenderer;
				import com.liferay.portlet.asset.model.AssetRendererFactory;
				import com.liferay.portlet.asset.service.AssetEntryLocalServiceUtil;
				import com.liferay.portlet.asset.service.AssetCategoryPropertyServiceUtil;
				import com.liferay.portlet.asset.model.AssetCategoryProperty;
							
				import com.liferay.portal.kernel.util.GetterUtil;
				import com.liferay.portal.model.Group;
				import com.liferay.portal.model.Role;
				import com.liferay.portal.service.GroupLocalServiceUtil;
				import com.liferay.portal.service.RoleLocalServiceUtil;
				import java.util.List;
				import com.liferay.portal.kernel.util.Validator;
				import com.liferay.portal.kernel.exception.PortalException;
				import com.liferay.portal.kernel.exception.SystemException; 
				import com.liferay.portlet.asset.service.AssetCategoryLocalServiceUtil;
				
				
				String className = (String)workflowContext.get(WorkflowConstants.CONTEXT_ENTRY_CLASS_NAME);

				WorkflowHandler workflowHandler = WorkflowHandlerRegistryUtil.getWorkflowHandler(className);

				AssetRendererFactory assetRendererFactory = workflowHandler.getAssetRendererFactory();

				long classPK = GetterUtil.getLong((String)workflowContext.get(WorkflowConstants.CONTEXT_ENTRY_CLASS_PK));

				AssetRenderer assetRenderer = workflowHandler.getAssetRenderer(classPK);

				AssetEntry assetEntry = assetRendererFactory.getAssetEntry(assetRendererFactory.getClassName(), assetRenderer.getClassPK());
				
				List<AssetCategory> assetCategories = assetEntry.getCategories();
				
				String categoryName = "";
				
				String reviewerRole = "App-MCW-AS-Approver";
				
				roles = new ArrayList<Role>();
				AssetCategory temp = null;
				if(Validator.isNotNull(assetCategories) && assetCategories.size() > 0){
				AssetCategory assetCategory = assetCategories.get(0);
						categoryName = assetCategory.getName();
							try {
									long catId = assetCategory.getParentCategoryId();
									if(catId != 0){
											while(catId != 0 ){
												temp = AssetCategoryLocalServiceUtil.getAssetCategory(catId);
												catId = temp.getParentCategoryId();
												if(catId == 0){
													assetCategory = temp;
													System.out.println("Got the parent Category to read the properties : " + assetCategory.getName());
													break;
												}
											}
										}
								} catch (PortalException e) {
									System.out.println(e.getMessage());
									e.printStackTrace();
								} catch (SystemException e) {
									System.out.println(e.getMessage());
									e.printStackTrace();
								}
								
						List<AssetCategoryProperty> categoryProperties = AssetCategoryPropertyServiceUtil.getCategoryProperties(assetCategory.getCategoryId());
						
						for (AssetCategoryProperty categoryProperty : categoryProperties) {
								if("reviewerRole".equalsIgnoreCase(categoryProperty.getKey())){
									reviewerRole = categoryProperty.getValue();
									break;
								}
			 			}
					
							long companyId = GetterUtil.getLong((String)workflowContext.get(WorkflowConstants.CONTEXT_COMPANY_ID));

							long groupId = GetterUtil.getLong((String)workflowContext.get(WorkflowConstants.CONTEXT_GROUP_ID));

							Group group = GroupLocalServiceUtil.getGroup(groupId);
							System.out.println("Assigning to role reviewerRole : " + reviewerRole);
							user = null;
							Role roleToAssign = RoleLocalServiceUtil.getRole(companyId, reviewerRole);

							roles.add(roleToAssign);
							
					
				}
				else{
					System.out.println("Assigning default role : " + reviewerRole);
					long companyId = GetterUtil.getLong((String)workflowContext.get(WorkflowConstants.CONTEXT_COMPANY_ID));
					user = null;
					Role roleToAssign = RoleLocalServiceUtil.getRole(companyId, reviewerRole);
					roles.add(roleToAssign);
				}
						
				]]></script>
				<script-language>groovy</script-language>
			</scripted-assignment>
			
		</assignments>
		<transitions>
			<transition>
				<name>Reviewer Approval</name>
				<target>publisher</target>
				<default>true</default>
			</transition>
			<transition>
				<name>reject</name>
				<target>update</target>
				<default>false</default>
			</transition>
		</transitions>
	</task>
	<task>
		<name>publisher</name>
		<metadata> <![CDATA[{"xy":[447,119]}]]>
		</metadata>
		<actions>
			<notification>
				<name>Publisher Notification</name>
				<description>Publisher Compliance Notification</description>
				<template>
					#set ($workflowHandlerRegistryUtil = $portal.getClass().forName("com.liferay.portal.kernel.workflow.WorkflowHandlerRegistryUtil"))
					#set ($workflowHandler = $workflowHandlerRegistryUtil.getWorkflowHandler($entryClassName))
					#set ($classPK = $getterUtil.getInteger($entryClassPK)) 
					#set ($assetRenderer = $workflowHandler.getAssetRenderer($classPK)) 
					#set ($assetRendererFactory = $workflowHandler.getAssetRendererFactory()) 
					#set ($assetEntry = $assetRendererFactory.getAssetEntry($assetRendererFactory.getClassName(), $assetRenderer.getClassPK())) 
					#set ($locale = $localeUtil.getDefault()) 
					<![CDATA[
						<p>You have a task awaiting for approval in your workflow queue. The details of the content awaiting approval are as follows : </p>
						<table style="border-width:1px; border-style:solid;">
							<tr>
								<th>Content title:</th><td> ${assetRenderer.getTitle($locale)}</td>
							</tr>
							<tr>
								<th>Content creator:</th><td> ${assetEntry.userName}</td>
							</tr>
							<tr>
								<th>Date created:</th><td> ${assetEntry.createDate}</td>
							</tr>
						</table>
					]]>
				</template>
				<template-language>velocity</template-language>
				<notification-type>private-message</notification-type>
				<execution-type>onAssignment</execution-type>
			</notification>
		</actions>
		<assignments>
			<scripted-assignment>
				<script><![CDATA[
				import com.liferay.portal.kernel.workflow.WorkflowHandler;
				import com.liferay.portal.kernel.workflow.WorkflowHandlerRegistryUtil;
				import com.liferay.portal.kernel.workflow.WorkflowConstants;
				import com.liferay.portlet.asset.model.AssetCategory;
				import com.liferay.portlet.asset.model.AssetEntry;
				import com.liferay.portlet.asset.model.AssetRenderer;
				import com.liferay.portlet.asset.model.AssetRendererFactory;
				import com.liferay.portlet.asset.service.AssetEntryLocalServiceUtil;
				import com.liferay.portlet.asset.service.AssetCategoryPropertyServiceUtil;
				import com.liferay.portlet.asset.model.AssetCategoryProperty;
				import com.liferay.portal.kernel.util.GetterUtil;
				import com.liferay.portal.model.Group;
				import com.liferay.portal.model.Role;
				import com.liferay.portal.service.GroupLocalServiceUtil;
				import com.liferay.portal.service.RoleLocalServiceUtil;
				import java.util.List;
				import com.liferay.portal.kernel.util.Validator;
				import com.liferay.portal.kernel.exception.PortalException;
				import com.liferay.portal.kernel.exception.SystemException; 
				import com.liferay.portlet.asset.service.AssetCategoryLocalServiceUtil;
				
				String className = (String)workflowContext.get(WorkflowConstants.CONTEXT_ENTRY_CLASS_NAME);

				WorkflowHandler workflowHandler = WorkflowHandlerRegistryUtil.getWorkflowHandler(className);

				AssetRendererFactory assetRendererFactory = workflowHandler.getAssetRendererFactory();

				long classPK = GetterUtil.getLong((String)workflowContext.get(WorkflowConstants.CONTEXT_ENTRY_CLASS_PK));

				AssetRenderer assetRenderer = workflowHandler.getAssetRenderer(classPK);

				AssetEntry assetEntry = assetRendererFactory.getAssetEntry(assetRendererFactory.getClassName(), assetRenderer.getClassPK());

				List<AssetCategory> assetCategories = assetEntry.getCategories();
				String categoryName = "";
				String publisherRole = "App-MCW-AS-Publisher";
				roles = new ArrayList<Role>();
				AssetCategory temp = null;
				if(Validator.isNotNull(assetCategories) && assetCategories.size() > 0){
					AssetCategory assetCategory = assetCategories.get(0);
						categoryName = assetCategory.getName();
							try {
									long catId = assetCategory.getParentCategoryId();
									if(catId != 0){
											while(catId != 0 ){
												temp = AssetCategoryLocalServiceUtil.getAssetCategory(catId);
												catId = temp.getParentCategoryId();
												if(catId == 0){
													assetCategory = temp;
													System.out.println("Got the parent Category to read the properties : " + assetCategory.getName());
													break;
												}
											}
										}
								} catch (PortalException e) {
									e.printStackTrace();
								} catch (SystemException e) {
									e.printStackTrace();
								}
						List<AssetCategoryProperty> categoryProperties = AssetCategoryPropertyServiceUtil.getCategoryProperties(assetCategory.getCategoryId());
						
						for (AssetCategoryProperty categoryProperty : categoryProperties) {
								if("publisherRole".equalsIgnoreCase(categoryProperty.getKey())){
									publisherRole = categoryProperty.getValue();
									break;
								}
			 			}
					
						System.out.println("Assigning to role publisherRole : " + publisherRole);
						long companyId = GetterUtil.getLong((String)workflowContext.get(WorkflowConstants.CONTEXT_COMPANY_ID));
						user = null;
						Role roleToAssign = RoleLocalServiceUtil.getRole(companyId, publisherRole);
						roles.add(roleToAssign);
						
					
				}
				else{
					long companyId = GetterUtil.getLong((String)workflowContext.get(WorkflowConstants.CONTEXT_COMPANY_ID));
					user = null;
					Role roleToAssign = RoleLocalServiceUtil.getRole(companyId, publisherRole);
					roles.add(roleToAssign);
				}
					
				]]></script>
				<script-language>groovy</script-language>
			</scripted-assignment>
			
		</assignments>
		<transitions>
			<transition>
				<name>Publisher Approval</name>
				<target>approved</target>
				<default>true</default>
			</transition>
			<transition>
				<name>reject</name>
				<target>update</target>
				<default>false</default>
			</transition>
		</transitions>
	</task>
	<task>
		<name>update</name>
		<metadata> <![CDATA[{"xy":[673,33]}]]>
		</metadata>
		<actions>
			<notification>
				<name>Creator Modification Notification</name>
				<description>Your content Rejected</description>
				<template>
					#set ($workflowHandlerRegistryUtil = $portal.getClass().forName("com.liferay.portal.kernel.workflow.WorkflowHandlerRegistryUtil"))
					#set ($workflowHandler = $workflowHandlerRegistryUtil.getWorkflowHandler($entryClassName))
					#set ($classPK = $getterUtil.getInteger($entryClassPK)) 
					#set ($assetRenderer = $workflowHandler.getAssetRenderer($classPK)) 
					#set ($assetRendererFactory = $workflowHandler.getAssetRendererFactory()) 
					#set ($assetEntry = $assetRendererFactory.getAssetEntry($assetRendererFactory.getClassName(), $assetRenderer.getClassPK())) 
					#set ($locale = $localeUtil.getDefault()) 
					<![CDATA[
						<p>Your content got rejected. Following are the details of the content that has been rejected. Please update and re-submit your content. </p>
						<table style="border-width:1px; border-style:solid;">
							<tr>
								<th>Content title:</th><td> ${assetRenderer.getTitle($locale)}</td>
							</tr>
							<tr>
								<th>Content creator:</th><td> ${assetEntry.userName}</td>
							</tr>
							<tr>
								<th>Date created:</th><td> ${assetEntry.createDate}</td>
							</tr>
						</table>
					]]>
				</template>
				<template-language>velocity</template-language>
				<notification-type>email</notification-type>
				<execution-type>onAssignment</execution-type>
			</notification>
		</actions>
		<assignments>
			<user />
		</assignments>
		<transitions>
			<transition>
				<name>resubmit</name>
				<target>determine-branch</target>
				<default>true</default>
			</transition>
		</transitions>
	</task>
	<state>
		<name>approved</name>
		<metadata> <![CDATA[{"xy":[697,316]}]]>
		</metadata>
		<actions>
			<notification>
				<name>Approval Notification</name>
				<description>Your submission has been approved</description>
				<template>
					#set ($workflowHandlerRegistryUtil = $portal.getClass().forName("com.liferay.portal.kernel.workflow.WorkflowHandlerRegistryUtil"))
					#set ($workflowHandler = $workflowHandlerRegistryUtil.getWorkflowHandler($entryClassName))
					#set ($classPK = $getterUtil.getInteger($entryClassPK)) 
					#set ($assetRenderer = $workflowHandler.getAssetRenderer($classPK)) 
					#set ($assetRendererFactory = $workflowHandler.getAssetRendererFactory()) 
					#set ($assetEntry = $assetRendererFactory.getAssetEntry($assetRendererFactory.getClassName(), $assetRenderer.getClassPK())) 
					#set ($locale = $localeUtil.getDefault()) 
					<![CDATA[
						<p>Your content has been approved by publisher.</p>
						<table style="border-width:1px; border-style:solid;">
							<tr>
								<th>Content title:</th><td> ${assetRenderer.getTitle($locale)}</td>
							</tr>
							<tr>
								<th>Content creator:</th><td> ${assetEntry.userName}</td>
							</tr>
							<tr>
								<th>Date created:</th><td> ${assetEntry.createDate}</td>
							</tr>
						</table>
					]]>
				</template>
				<template-language>velocity</template-language>
				<notification-type>email</notification-type>
				<recipients>
					<user />
				</recipients>
				<execution-type>onEntry</execution-type>
			</notification>
			<action>
				<name>approve</name>
				<script> <![CDATA[
						import com.liferay.portal.kernel.workflow.WorkflowConstants;
						import com.liferay.portal.kernel.workflow.WorkflowStatusManagerUtil;

						WorkflowStatusManagerUtil.updateStatus(WorkflowConstants.toStatus("approved"), workflowContext);
					]]>
				</script>
				<script-language>groovy</script-language>
				<execution-type>onEntry</execution-type>
			</action>
		
		</actions>
	</state>
</workflow-definition>
