<?xml version="1.0"?>
<!DOCTYPE look-and-feel PUBLIC "-//Liferay//DTD Look and Feel 6.1.0//EN" "http://www.liferay.com/dtd/liferay-look-and-feel_6_1_0.dtd">
<look-and-feel>
	<compatibility>
		<version>6.1.0+</version>
	</compatibility>
	<theme name="CIP Theme" id="cip-theme">
		<settings>
			<setting key="active-theme" value="cip-theme" />
		</settings>
	</theme>
	<theme name="CA Theme" id="ca-theme">
		<settings>
			<setting key="active-theme" value="ca-theme" />
		</settings>
	</theme>
</look-and-feel>